Rank,City,Country,Country_Encoded,Quality of Life Index,Purchasing Power Index,Safety Index,Health Care Index,Cost of Living Index,Property Price to Income Ratio,Traffic Commute Time Index,Pollution Index,Climate Index,x1,x54,Air_Pollution_2023,Education,Taxation,Internet Access
123,Lviv,Ukraine,62,-1.0132846300419656,-1.538335808456707,0.13678921391190035,-0.8162149249671039,-1.588976250912803,0.7387007936736523,-0.3819928570941167,0.11761063472189297,-0.5286488155012562,-1.2954376037311772,-1.1694563654221866,-0.38515980462208793,-1.9074109594794604,0.09329349910261109,-0.25218816486219214
145,Baku,Azerbaijan,3,-1.589138001178833,-1.7054695185427828,0.6716285574062963,-2.447663452478749,-1.2061255513881597,0.5499649142122824,0.2763244838988369,1.4865855887445278,0.7844401527396158,-1.0500459643084086,-1.1992103387129716,0.25468083766532873,-1.9074109594794604,0.3048885639026875,-2.4038020561851314
135,Yerevan,Armenia,0,-1.4913515796650252,-1.8308198011073398,1.2411977284003284,-1.2700765454026748,-0.6974810505911333,1.5794333476379367,-0.6731716809948465,0.7539700860058522,-0.9020961367440725,-0.7700921221500387,-1.13323673998773,1.19920750008961,-1.9074109594794604,1.517002329363178,-0.9404188395631653
124,Sarajevo,BosniaAndHerzegovina,6,-1.0603669811412069,-0.9867945651726563,-0.30080661258351415,-0.853014515813231,-1.009230905918343,0.5671227214360433,-1.0276502492218218,1.021348006713398,-0.010641240874123006,-1.1502763522416521,-0.9943629133425905,1.2677618546204048,-1.9074109594794604,2.1042753160015097,-0.49539078650176577
87,Hyderabad,India,26,-0.2672104510847671,0.7653238288963735,-0.21050906108446052,-0.2887541228392791,-1.7530551221376502,-1.0113955431499593,0.921981876026542,1.5774940817850929,-0.2937384037517422,-1.6427877412239695,-1.1322189984465962,2.037094055465989,-1.9074109594794604,-1.0467232534168605,0.03596377852472175
140,Quito,Ecuador,16,-1.5275687728182872,-1.65532940551696,-1.5858102300700494,0.300039330698758,-1.1076782286532512,0.3612290347509126,0.6308030521258128,0.9892626562284921,1.2422142884566163,-1.4613361768620632,-1.1636672120676212,,-1.9074109594794604,1.2181173944889176,-1.1895750137520558
144,Belgrade,Serbia,51,-1.5855162818635065,-1.3489176036924875,0.14373517941182767,-1.7730042869664144,-0.6974810505911333,1.3563818537290449,0.16238494411159501,1.144341850238869,0.34473604869565355,-0.690599055858156,-1.046219838220816,0.4755782022645557,-1.6897951939745879,-0.6312676692663186,-0.9624469839956359
122,Minsk,Belarus,4,-1.0132846300419656,-1.120501533241517,-0.8078620940782009,-2.2881985588121974,-1.4795903367629046,0.17249315528954282,-0.49593239688135904,-0.19254775329886,-0.8418626978339404,-0.357073799459604,-1.1124269188290237,,-1.6897951939745879,0.340798953490168,-0.3670917290639975
63,Riyadh,SaudiArabia,50,0.33761667457471023,1.0912345635642218,1.0189268324026572,-0.3623533045315331,-0.2763452811140259,-1.3888673020726994,-0.3313530616331204,0.8930066047737758,-2.046531476036575,-0.9169814837763438,-0.11596814933511469,2.3417800756028537,-1.688271883616054,2.5915516793270115,-0.8034871309288886
139,Delhi,India,26,-1.5275687728182872,0.6121179279841372,-1.3010256445730335,-0.1415557594547694,-1.692892869355206,-0.46234571198961066,2.871614001274906,2.3368473765945232,-1.1731466118396652,-1.2194007577128545,-1.0893361592751891,5.860903608183644,-1.684572415602471,-1.0467232534168605,-1.1261696791018363
105,Johannesburg,SouthAfrica,55,-0.6402475405633659,0.30849168799443244,-2.822192089057094,-0.9143471672234431,-0.8998449917684449,-1.4060251092964597,0.7320826430478053,0.8074456701473615,0.7844401527396158,-0.548894024642191,-0.5126478817792638,0.4603439012577125,-1.577287843208569,-0.08736338389902068,-1.5729837979280308
130,Guadalajara,Mexico,37,-1.2957787366374098,-1.443626706074597,-1.5510804025704132,1.5144258286209609,-0.7467047119585873,0.6014383358835653,0.8460221828350472,0.6577140345511355,0.8687669672137995,-0.721705038320197,-0.9798151960193294,0.8107328244151071,-1.380998422723174,-0.5390055914030996,-0.8258129529888247
48,Doha,Qatar,47,0.5911370266475447,1.1441602384248126,1.671847589395816,0.7048348300061601,-0.1450821841341479,-0.908448699807394,-0.7491313741863413,0.7111896186926447,-2.552492362881681,-0.6422119720283141,0.5210781882649745,1.9685397009351944,-1.2835065597769912,2.5915516793270115,-1.330376531543388
134,Medellin,Colombia,11,-1.3935651581512174,-1.811320868263964,-0.9328894730768911,1.3181613441082825,-1.293634282708078,1.1333303598201532,0.45356376801232523,0.8930066047737758,1.2904010395847216,-1.5028108201447847,-1.2409018216097578,0.01854917205925823,-1.2410714855035412,-1.910230006112733,-0.792473058712653
110,Sofia,Bulgaria,8,-0.7597642779691312,-0.4742511875753565,0.011761834913210643,-1.122878182018165,-0.7685818947885673,-0.222136410856958,-0.5212522946118572,1.165732083895473,-0.14315480647641293,-0.23092175947465976,-0.8436653246754591,0.25468083766532873,-1.0306370402603295,1.884669471985765,0.4720615027621466
112,Ankara,Turkey,61,-0.7923597518070672,-1.2542085013103776,0.04649166241284673,0.189640558160377,-0.9709458359658786,-0.32508325419952333,0.13706504638109732,0.9839150978143415,0.7904634966306285,-1.4164053133057817,-1.2198764787129295,-0.12617668750575267,-1.024543798826193,-0.5445302667242513,-1.8834615633748797
146,Istanbul,Turkey,61,-1.6036248784401375,-1.401843278553078,-0.5300234740811122,0.2877728004167162,-0.8615599218159805,0.8931210586875008,2.061377273898963,1.1496894086530196,0.8808136549958261,-1.1399076914209718,-1.2116207987998524,0.17089218212769072,-0.9705750889809848,-0.5445302667242513,-1.1782632639083546
49,Dubai,UnitedArabEmirates,63,0.5838935880168917,0.6399735463318166,1.6579556583959614,0.2509732095705893,0.28152288105045453,-1.02855335037372,0.14972499524634572,0.11226307630774235,-1.691154186466798,0.050760192820490345,1.1913388203957027,2.1284998615070485,-0.9150830687772423,2.5915516793270115,-1.3863399255069622
125,Bucharest,Romania,48,-1.0603669811412069,-0.708238381695863,0.8452776949044768,-1.576739802453736,-0.7412354162510928,-0.23929421808071885,0.7320826430478053,1.5293660560577351,-0.16724818204046596,-0.24129042029533992,-0.8813337351272942,0.1023378275968962,-0.8421817873331101,0.8452018103112379,2.475729613234574
126,Kuala Lumpur,Malaysia,36,-1.0712321390871848,-0.12048483455982897,-1.4607828510713596,0.1160413764681213,-1.1459632986057156,-0.565292555332176,0.8207022851045495,1.0053053314709455,-1.311683521332968,-1.4907140491873243,-0.6895014280535261,0.14042358011400433,-0.8075808806178353,0.45156869367924185,-0.010771608987412378
132,Athens,Greece,22,-1.3682131229439338,-1.3071341761709685,-1.0926466795752168,-1.3068761362488017,-0.07398133993671428,0.7043851792261306,0.46622371687757364,0.5400677494398156,1.013327220598116,0.08705050569287177,-0.8827885068596202,0.26229798816875016,-0.5309912426611425,-0.6312676692663186,-1.9358528258088639
142,Thessaloniki,Greece,22,-1.5384339307642658,-1.4491978297441328,-0.9398354385768184,-1.503140620761481,-0.06851204422921929,0.6014383358835653,-0.6605117321295977,1.0106528898850962,0.6037398360092205,-0.09094483839547472,-0.9472953604226402,0.30800089118928003,-0.5305560111301328,-0.6312676692663186,-1.7167620919940212
55,Zagreb,Croatia,12,0.5078374823950416,-0.463108940236285,1.3106573833996005,-0.3132871834033643,-0.44042415233887305,0.2239665769608253,-0.6478517832643483,-0.711260919471499,0.23029251476640383,-0.40200466301588555,-0.770447800863326,0.5060468042782421,-0.50988251340717,1.4830255761380993,-0.26558365809815343
83,Bratislava,Slovakia,53,-0.19115434546291693,-0.6998816961915593,0.6785745229062231,-1.4786075601973958,-0.2818145768215205,0.8931210586875008,-0.5718920900728535,-0.5134012581479149,0.13994235640120625,-0.6301152010708537,-0.6854184884590964,-0.17949674102970398,-0.47223498597482705,-0.20559143577164793,-0.5334935228173902
2,Luxembourg,Luxembourg,35,2.267993069643578,2.121892442428357,0.8036019019049139,1.097363799031517,0.3909087952003526,-0.29076763975200165,-0.9390306071650781,-1.3369252539271559,0.254385890330456,1.4747229455272606,1.0354926568734257,,-0.3930228473310535,1.0175716803311432,-0.012855352379673014
66,Denver,UnitedStates,65,0.26880400758351203,0.8349628747655714,-0.4814017155816219,0.2509732095705893,1.1894259684946085,-1.0971845792687638,0.11174514865059872,-0.12302949391489826,-1.3297535530060078,1.0444235214690256,1.8917066419991388,-0.8269545338205421,-0.3299142753346405,-0.5320997472516614,-0.036371884949472376
72,Las Vegas,UnitedStates,65,0.12393523497046374,1.1887292277810995,-1.0648628175755082,-1.6626055144280325,0.7464130161875214,-1.3030782659538946,-0.9770104537608256,0.2940800623888734,-1.2634967702048627,0.9580180146300225,0.7685809576387448,-0.8041030823102772,-0.3299142753346405,-0.29674857857063647,-0.10483773926661141
115,Budapest,Hungary,24,-0.8539289801676123,-0.8614442826080992,0.42157379940891687,-1.9079361200688816,-0.6154416149787098,0.49849149254099995,0.4915436146080723,0.34755564653038257,0.0014054469079035068,-0.6957833862684961,-0.8768137653416718,-0.30137114908444995,-0.3001009154604729,0.44107181056905526,0.7617018342863882
54,Vilnius,Lithuania,34,0.5295677982869986,-0.5689602899574664,0.9008454189038942,1.023764617339263,-0.36385401243394405,0.4470180708697171,-1.1289298401438148,-1.155108267846025,-0.7093491322316513,-0.36053001973316434,-0.6852748073003482,-0.09570808549206614,-0.29705429474340467,0.7090185636448697,1.4567790944190753
13,Reykjavik,Iceland,25,1.2973722931361553,0.14414353974312463,1.1092243839017109,0.1160413764681213,1.588684555141737,-0.6167659770034587,-1.7619272834062707,-1.6845165508469655,-0.5768355666293614,0.9839396666817232,0.5541009079172824,-0.9488289418752882,-0.1416766381729257,-0.466079877163909,0.7515807949525501
107,Turin,Italy,29,-0.6655995757706499,-0.39904101803662223,-0.8148080595781282,-0.1783553503008964,0.12838260124059736,-0.49666132643713234,-0.9010507605693308,1.1924698759662276,0.4411095509518648,0.266773959917998,-0.47848169957191766,-0.666994373248688,-0.12230883504299236,-1.5870364998254103,-1.851907734863503
26,Portland,UnitedStates,65,1.0257433444866897,1.1274468674162044,-1.1690523000744164,0.47177075464735296,1.2878732912295172,-1.251604844282612,-0.23007347071112783,-0.7593889451988571,0.676019962701378,0.6988014941130133,1.3133540577477134,-0.6060571692213149,-0.07269244050788151,-0.7671746821666288,0.29107350526292847
141,Saint Petersburg,Russia,49,-1.5311904921336132,-1.034149116363711,0.1159513174121189,-0.779415334120977,-1.1295554114832307,0.9102788659112613,1.6942387568067385,0.7860554364907575,-1.0707497656924412,,,-0.5603542662007852,-0.04374954369573329,0.40626635604580524,0.09698769215521415
136,Milan,Italy,29,-1.4949732989803513,-1.0954314767286055,-0.7731322665785647,0.47177075464735296,0.6862507634050777,1.6137489620854584,0.08642525092010012,1.1015613829256619,0.5856698043361804,1.5231100293571025,-0.32167766165798545,0.9859272859938045,-0.0433143121647234,-1.5870364998254103,-0.2771930855693208
28,Dallas,UnitedStates,65,1.0221216251713625,1.6539180541873437,-0.8148080595781282,-0.15382228973681114,0.8557989303374195,-1.3888673020726994,0.010465557728606134,-0.25137089585452016,0.21222248309336447,1.3900455488250378,1.8282534502669394,-0.5870142929627609,-0.0428790806337139,-0.29674857857063647,0.5842859683167595
42,Porto,Portugal,46,0.699788606107331,-1.078718105719998,0.5396552129076788,1.440826646928707,-0.5060557008288117,0.06954631194697747,-1.3441489708530499,-1.155108267846025,1.0976540350722999,-0.45039174684572747,-0.8311650638643606,,0.028934121982894,-0.6362398770553546,-0.5864801405063061
81,Lisbon,Portugal,46,-0.10785480121041374,-1.2263528829626984,0.720250315905787,0.7171013602882018,-0.320099646773985,1.4078552754003277,-0.06549413546288875,-0.6203524264309332,1.2181209128925634,0.08705050569287177,-0.781888413128656,-0.6289086207315798,0.04242629944419634,-0.6362398770553546,0.5443971662363407
129,Moscow,Russia,49,-1.2486963855381692,-0.6469560213309684,0.303492385910154,-0.0679565777625154,-0.8724985132309704,1.3563818537290449,1.9347777852464716,0.4598543732275519,-1.3598702724610736,0.1976495544467955,-0.5542375905219367,-0.3775426541186662,0.08268521606259745,0.39107349891264104,0.6497750463592399
86,Gdansk,Poland,45,-0.24185841587748302,-0.11491371089029342,0.5188173164078973,-2.0428679531713487,-0.7412354162510928,0.2239665769608253,-0.6351918343990991,0.29942762080302443,-0.1732715259314788,-0.9152533736395638,-0.7718726390209127,-0.06523948347837961,0.12142082232246491,-0.11719663063323475,-0.2640952699608246
57,Wellington,NewZealand,39,0.4861071665030845,-0.3154741629935843,0.4979794199081159,-0.4114194256597036,0.8448603389224295,0.41270245642219544,0.5295234612038192,-1.2299740856441377,1.1639108178734452,0.0818661752825314,0.558004246063277,-1.032617597412926,0.1625502020028858,0.34383752491680075,-0.18163856715279245
22,Gothenburg,Sweden,58,1.1452600818924539,0.7096125922010149,-0.4327799570821312,-0.04342351719843016,0.3252772467104136,-0.4451879047658495,-1.2428693799310568,-1.4545715390384764,-0.05280464811121537,-0.09094483839547472,0.21988655923893857,-0.7812516308000124,0.17190767991959516,-1.4141141622733897,0.42443308236761496
39,Cork,Ireland,27,0.7686012730985281,0.16085691075173206,0.303492385910154,-1.4540744996333115,0.751882311895016,-0.7883440492410676,-0.15411377751963293,-1.1069802421186667,0.6880666504834044,0.6262208683682507,0.28828477751805726,-0.545119965193942,0.2160836803170841,0.5225607715560293,2.1816241172983437
56,Houston,UnitedStates,65,0.5005940437643895,1.7597694039085257,-1.6274860230696129,0.20190708844241875,0.5604569621326944,-1.4403407237439818,0.8207022851045495,0.5614579830964193,0.42906286316983827,0.7852070009520163,1.6041467629093438,-0.5070342126768339,0.23741002533656178,-0.29674857857063647,0.4577729766437862
38,Auckland,NewZealand,39,0.7722229924138552,0.782037199904981,-0.6758887495795838,0.20190708844241875,0.7026586505275624,0.0009150830519338138,0.37760407482083036,-0.7968218540979135,1.2964243834757352,0.6175803176843503,0.8262629561612225,,0.2889849617612165,0.34383752491680075,0.8158791624851673
11,Stuttgart,Germany,21,1.3154808897127863,1.2806527683284408,0.3937899374092076,1.1096303293135605,0.5112333007652407,-0.5824503625559369,-0.7744512719168395,-0.41179764827904763,0.16403573196525845,0.08705050569287177,0.5233770868049468,-0.3546912026084014,0.2907258878852557,-0.7765666302125851,-0.21170400752684043
3,Eindhoven,Netherlands,38,2.155719770868466,1.1051623727380613,1.2689815904000366,1.3794939955184946,0.4018473866153426,-0.8398174709123503,-1.3441489708530499,-1.465266655866778,0.42303951927882544,0.8958060497059404,0.6620533518568071,-0.2099653430433905,0.30378283381554777,-0.19564702019357708,1.2975215637248616
53,Cologne,Germany,21,0.5476763948636296,0.49512433092388397,-0.1618873025849698,0.6312356483139044,0.4291938651528171,-0.11918956751439266,0.09908519978534942,-0.43853544034980224,0.38689945593274594,0.1769122328054349,0.023288827066686682,,0.31379315902877214,-0.7765666302125851,0.1109785406461078
23,Adelaide,Australia,1,1.138016643261802,0.2667082604729134,0.5466011784076066,0.7661674814163724,1.1566101942496392,-0.5138191336608932,0.048445404324353125,-1.1925411767450813,1.0012805328160894,0.07840995500897134,0.9682678347240844,-0.9259774903650233,0.3305495729726473,-0.39812637071375423,-0.6778671721383127
14,Perth,Australia,1,1.2973722931361553,1.1441602384248126,-0.10631957858555226,0.43497116380122597,0.806575268969965,-0.9256065070311548,0.921981876026542,-1.0107241906639501,1.0434439400531819,0.8318659746450779,1.061852162788783,-0.7431658782829043,0.3309848045036568,-0.39812637071375423,-0.7746124010647042
9,Geneva,Switzerland,59,1.3842935567039834,1.4617142875883562,0.6577366264064417,0.4104381032371407,2.56221919107583,0.18965096251330366,-0.3819928570941167,-1.1230229173611193,0.254385890330456,2.4994922566378373,2.0275272440208774,0.32323519219612323,0.3496997603370759,0.6184138883779968,1.7258796696481753
10,Frankfurt,Germany,21,1.3227243283434382,1.1859436659463316,-0.4119420605823497,1.1096303293135605,0.48388682222776613,-0.46234571198961066,-1.4327686129097936,-0.7433462699564042,0.3808761120417331,0.3566356870305611,0.5579084586241113,-0.3699255036152446,0.3586220067227758,-0.7765666302125851,-0.8338502489304022
6,Copenhagen,Denmark,15,1.5762446804162729,0.6678291646794959,1.0050349014028026,1.1709629807237727,1.1402023071271548,-0.46234571198961066,-0.9390306071650781,-1.3529679291696088,0.3206426731316014,1.312280592669935,0.7124195847130195,-0.545119965193942,0.39975138640319663,-0.13321818906457208,1.047770034281041
34,Tallinn,Estonia,17,0.8011967469364641,-0.541104671609787,1.2411977284003284,0.8765662539547533,0.024465982798193852,0.13817754084202083,-1.3188290731225516,-1.4866568895233816,-0.8478860417249541,0.08705050569287177,-0.5869310408521133,-0.8345716843239638,0.423253889077723,0.017605447202845105,-0.1652662976421725
60,Victoria,Canada,9,0.4317813767731914,-0.5633891662879305,-0.06464378558598885,-0.16608882001885464,0.9433076616573377,0.3955446491984343,-0.39465280595936597,-1.5080471231799855,0.8506969355407602,1.1498382398126092,0.6773134882588618,-0.6974629752623746,0.434787524649481,1.0858014205473567,0.4259214705049438
67,Halifax,Canada,9,0.24345197237622798,-0.19569500409856322,-0.05769782008606153,-0.16608882001885464,0.6917200591125724,-0.23929421808071885,-0.4706124991508609,-1.2032362935733831,-1.167123267948652,0.5069812689304266,0.38432365871137214,-0.8574231358342286,0.4515439385933562,1.0858014205473567,0.3833535697773325
8,Helsinki,Finland,18,1.4096455919112674,0.333561744507344,1.0883864874019293,1.5144258286209609,0.6260885106226334,-0.016242724171827025,-1.2428693799310568,-1.8128579527865873,-0.9382362000901516,0.266773959917998,0.25648334771510956,-0.7812516308000124,0.46655942641319254,-0.23791078640038046,-0.22390879025293858
25,San Diego,UnitedStates,65,1.0728256955859297,1.1859436659463316,-0.01602202708649813,0.03017566449382556,1.3644434311344456,-0.7540284347935459,0.010465557728606134,-0.36366962255168944,1.1277707545273659,1.3900455488250378,1.9833393009908407,-0.5298856641870987,0.46786512100622146,-0.45364935769131964,0.30923184053834285
91,Dublin,Ireland,27,-0.33964483739129125,0.029935504517639152,-0.8981596455772549,-2.0183348926072635,0.7901673818474805,-0.23929421808071885,0.6941027964520583,-0.28345624633942573,0.4531562387338913,1.1653912310436296,0.43457015726862747,-0.6593772227452664,0.5327146191266734,0.5225607715560293,1.7050422357255688
82,Manchester,UnitedKingdom,64,-0.16580231025563286,0.09678898855206969,-1.0509708865756535,0.8275001328265846,0.5932727363776642,-0.6167659770034587,0.4915436146080723,0.35825076335868417,0.513389677644023,1.0478797417425856,0.198519973590083,-0.4994170621734123,0.5525176537876171,0.3565442781554479,0.19909111837599006
20,Seattle,UnitedStates,65,1.188720713676369,1.734699347395614,-0.9537273695766725,0.47177075464735296,1.457421458161859,-0.9942377359261985,1.0485813646790332,-0.7861267372696118,0.8025101844126551,1.3900455488250378,2.326677403249699,-0.4917999116699906,0.5797196244757261,-0.29674857857063647,-0.3209516968067963
50,Edmonton,Canada,9,0.5585415528096087,0.5898334333059938,-0.4397259225820585,1.1832295110058144,0.4182552737378271,-1.2172892298350901,-0.8883908117040814,-0.95190104810829,-2.787402774631195,1.1498382398126092,0.6021622555185748,-0.545119965193942,0.6813461869665016,1.0858014205473567,-0.5177166085617025
12,Amsterdam,Netherlands,38,1.3082374510821333,0.3474895536811836,0.7827640054051314,1.305894813826239,0.8120445646774604,0.06954631194697747,-1.3821288174487973,-1.1764985015026284,0.5495297409901017,1.2552529581561929,0.7185080738149769,-0.43847985814603924,0.7823199021607621,-0.19564702019357708,-0.5695125157407543
18,Melbourne,Australia,1,1.243046503406262,1.1998714751201713,-0.2452388885840966,0.6557687088779897,0.7081279462350569,-0.565292555332176,0.8460221828350472,-1.021419307492252,0.9591171255789972,0.5985711061797697,0.9926217911319141,-0.8345716843239638,0.799946779166657,-0.39812637071375423,0.24791024928038483
41,Stockholm,Sweden,58,0.714275483368635,0.573120062297386,-0.41888802608227704,-0.12928922917272764,0.5385797793027152,0.08670411917073831,-0.12879387978913434,-1.5026995647658343,-0.5226254716102425,0.07322562459863127,0.34472752604633145,-0.6822286742555314,0.9944952735280129,-1.4141141622733897,1.2704328996254728
97,Seoul,SouthKorea,56,-0.4338095395897724,0.30570612615966464,1.1092243839017109,1.8824217370822343,0.6042113277926542,2.5574283593923077,0.921981876026542,0.5935433335813248,-0.6009289421934135,-0.8288478668005608,0.1594207382657133,0.19374363363795566,1.0806711166679421,0.7173055766265962,1.2844237481163658
118,Paris,France,19,-0.9408502437354415,-0.06198803602970254,-1.217674058573907,1.1832295110058144,1.0253470972697611,1.1333303598201532,0.7827224385088016,0.957177305743587,0.6037398360092205,0.6262208683682507,0.2007230846908895,-0.23281679455365545,1.1762044377245813,-1.47018961678307,2.522167323119241
5,Zurich,Switzerland,59,1.8152781552278023,2.2695272196710565,1.2064679009006922,0.3245723912628432,2.4911183468783964,0.3440712275271518,0.37760407482083036,-1.1871936183309304,0.18812910752931145,2.4994922566378373,2.493167945949243,-0.41562840663577433,1.2643388227540544,0.6184138883779968,1.0644399814191259
117,New York,UnitedStates,65,-0.9191199278434845,0.007651009839495772,-0.7384024390789287,-0.607683910172382,2.4692411640484164,0.3612290347509126,1.0739012624095319,0.62562868406623,0.07970891749107456,2.254100617215068,2.191401592288214,-0.44609700864946084,1.615135436747909,-0.7671746821666288,0.9638249433356789
71,Singapore,Singapore,52,0.16377414743905183,0.3168483734987361,1.1925759699008376,0.5208368757755234,1.1948952642021038,1.3392240465052838,0.7067627453173077,-0.7540413867847062,-1.2574734263138496,-0.1790784553712578,1.2519064155230415,-0.18711389153312558,1.6817258609923993,2.568900510510293,1.7666615046109926
106,Los Angeles,UnitedStates,65,-0.6547344178246709,0.6455446700013525,-0.8912136800773276,-0.779415334120977,1.42460568391689,-0.6167659770034587,2.7829943592181627,1.1282991749964164,1.0313972522711554,1.3900455488250378,1.816818824716557,-0.40039410562893113,1.846243379714083,-0.29923468246515444,0.010065824935195568
101,London,UnitedKingdom,64,-0.5497045576802106,0.4338419705589894,-1.0023491280761632,0.2877728004167162,1.3042811783520019,0.5842805286598044,1.276460444253518,0.6095860088237773,0.5977164921182069,1.0478797417425856,0.8978640669374377,-0.4765656106631474,2.021424070945505,0.3565442781554479,0.21784480890633684
114,Hong Kong,HongKong(China),23,-0.8503072608522864,0.2667082604729134,1.2898194868998192,-0.2028884108649816,0.872206817459904,3.278056262790266,0.8586821317002965,1.0908662660973598,0.3146193292405877,-0.7389861396879976,0.3738289474078013,-0.10332523599548774,2.319122438156171,1.6968305110666353,0.4452705162902224
119,Chennai,India,26,-0.9480936823660935,0.05221999919578253,0.011761834913210643,0.21417361872446225,-1.8077480792125993,-0.3079254469757625,1.4663596772322547,1.4919331471586785,-1.5164772136274156,-1.685990494643471,-1.1131632847676085,0.7269441688774694,-1.684790031367976,-1.0467232534168605,0.8012929587393424
74,Cape Town,SouthAfrica,55,0.047879129348613596,0.15250022524742834,-2.3359745040621887,0.14057443703220654,-1.0748624544082817,-0.9427643142549157,0.9346418248917914,-0.42249276510734923,1.1940275373285112,-0.548894024642191,-0.6690328496468471,-0.6898458247589528,-1.5180963549912436,-0.08736338389902068,0.07912703450726538
109,Curitiba,Brazil,7,-0.7344122427618481,-1.6469727200126563,-1.5163505750707773,-0.1047561686086424,-1.3811430140279963,1.0990147453726313,-0.3060331639026218,-0.8235596461686682,1.278354351802695,-1.260875400995576,-1.153382035787225,-0.17187959052628238,-1.4649981082080548,-1.3572100064655364,-1.3916981228013467
104,Montevideo,Uruguay,66,-0.6076520667254308,-1.0146501835203356,-1.099592645075144,0.10377484618607954,-0.041165565691744774,-0.2736098325282405,0.6308030521258128,0.03204970009547862,1.1819808495464847,0.35317946675700107,-0.9333163810194243,-0.33945690160155806,-1.1718696720729915,-0.26553416300613447,-1.9653229109279802
73,Cluj-Napoca,Romania,48,0.08771804181720168,-0.6636693923395758,1.2481436939002553,-0.2396880017111086,-0.8560906261084855,0.2239665769608253,-0.6858316298600958,-0.16580996122810543,-0.245551652623637,-0.7873732235178392,-0.9246835380646331,0.8107328244151071,-0.841964171567605,0.8452018103112379,1.8967466278135559
84,Riga,Latvia,33,-0.20201950340889493,-0.875372091781939,0.09511342091233745,-0.8775475763773162,-0.21618302833158187,-0.359398868647045,-0.5085923457466078,-0.4706207908347078,-0.22145827705958399,-0.27066829262060094,-0.8066853864426262,,-0.12687876611859486,0.3424563560865133,0.2151657102591449
44,San Antonio,UnitedStates,65,0.6744365709000469,0.9408142244867532,-0.5300234740811122,0.03017566449382556,0.5276411878877252,-0.9599221214786766,-0.43263265255511346,-0.14441972757150184,0.1339190125101926,,,-0.5222685136836771,-0.10032964272700044,-0.29674857857063647,1.544891672148958
108,Rome,Italy,29,-0.7307905234465211,-0.5856736609660738,-0.6342129565800204,-0.5218181981980854,-0.024757678569260214,0.6700695647786089,0.3522841770903318,0.42776902274264633,0.9229770622329184,0.7160825954808141,-0.5129232706668647,-0.24805109556049865,-0.098153485071951,-1.5870364998254103,-0.5885638838985673
94,Wroclaw,Poland,45,-0.3686185919139003,-0.3015463538197446,0.9703050739031664,-1.2578100151206322,-0.6756038677611538,0.05238850472321633,-0.14145382865438363,0.8181407869756631,0.0014054469079035068,-0.721705038320197,-0.8324043138585644,0.21659508514822057,-0.09619494318240707,-0.11719663063323475,0.16783496749207946
19,Valencia,Spain,57,1.221316187514304,-0.4408244455581412,0.6924664539060778,1.5512254194670878,-0.4185469695088931,-0.5996081697796977,-1.5593681015622847,-1.1604558262601758,0.9290004061239313,0.08705050569287177,-0.5211849372948896,-0.3699255036152446,-0.05071324819188883,-0.781815071767678,2.1792426962786187
36,Madrid,Spain,57,0.7903315889904862,-0.1984805659333314,0.9008454189038942,1.4285601166466635,-0.09038922705919883,-0.050558338619349004,-1.078290044682818,-0.518748816562066,0.42906286316983827,0.08705050569287177,-0.22949422489108218,-0.484182761166569,-0.039614844151140305,-0.781815071767678,0.4533078122317993
4,Rotterdam,Netherlands,38,2.0362030334627006,1.0968056872337573,0.8174938329047675,1.6616241920054706,0.35262372524788815,-0.9256065070311548,-1.5467081526970359,-1.208583851987534,0.5736231165541548,0.7160825954808141,0.4288288976336449,-0.39277695512550953,-0.03308637118599427,-0.19564702019357708,0.22201229569085865
40,Hamburg,Germany,21,0.7577361151525501,0.4728398362457406,-0.1618873025849698,0.8888327842367968,0.6862507634050777,0.10386192639449915,-0.2680533173068748,-0.9358583728658373,0.2664325781124825,0.3566356870305611,0.4321874447193855,-0.38515980462208793,-0.03308637118599427,-0.7765666302125851,0.04816856125081938
1,The Hague,Netherlands,38,2.3838880877340176,1.0912345635642218,1.3870630038987994,1.6002915405952585,0.29246147246544446,-0.8569752781361112,-1.787247181136769,-1.5561751489073437,0.7362534016115097,,,0.041400623569523155,-0.03308637118599427,-0.19564702019357708,0.6155421192006711
89,Warsaw,Poland,45,-0.29980592492270314,-0.12048483455982897,1.0258727979025841,-1.1351447123002076,-0.5990337278562252,0.2239665769608253,-0.05283418659763946,0.7218847355209467,-0.22748162095059768,-0.721705038320197,-0.6880765898959392,-0.03477088146469309,0.12446744303953337,-0.11719663063323475,0.3098271957932747
43,Ljubljana,Slovenia,54,0.6853017288460259,-0.5438902334445548,1.3245493143994551,-0.08022310804455715,-0.18336725408661236,0.464175878093478,-1.154249737874313,-1.2887972281997977,-0.1371314625854001,-0.27066829262060094,-0.621079262914616,0.02616632256267996,0.20433242897982096,-0.2757548123502632,0.005898338150673767
7,Vienna,Austria,2,1.4458627850645296,0.3725596101940948,0.6994124194060056,1.4653597074927904,0.5167025964727353,0.30975561307962984,-1.5593681015622847,-1.6203458498771546,0.2061991392023508,0.6262208683682507,0.15346395689260853,-0.40039410562893113,0.20542050780734586,-1.4602452012049991,0.4128236548964481
96,Barcelona,Spain,57,-0.40483578506716233,-0.3433297813412636,-0.780078232078492,1.1341633898776458,-0.04663486139923975,0.18965096251330366,-0.5845520389381028,0.9090492800162288,1.0434439400531819,0.4464974141431242,-0.28833165939849387,-0.2099653430433905,0.28136840996854673,-0.781815071767678,0.5884534551012808
31,Oslo,Norway,41,0.9098483263962504,0.41712859955038195,0.44241169590869833,1.269095222980112,1.2878732912295172,-0.08487395306687068,-0.8883908117040814,-1.3101874618564013,-1.1068898290385203,1.4090547603296184,0.695537048560099,-0.6822286742555314,0.33163765180017185,-0.30779792921293836,1.4829747256360677
29,Glasgow,UnitedKingdom,64,1.0076347479100587,0.609332366149369,-0.3424824055830776,1.3917605258005363,0.5659262578401897,-0.9942377359261985,-0.48327244801610975,-0.6631328937441404,0.38689945593274594,1.0478797417425856,0.3002522206987975,-0.7584001792897476,0.4021451598237505,0.3565442781554479,-0.7302584345722974
15,Austin,UnitedStates,65,1.279263696559524,1.8461218207863312,-0.07158975108591617,0.14057443703220654,0.6534349891601079,-1.3030782659538946,0.2636645350335885,-0.18720019488470901,0.22426917087539014,1.0444235214690256,1.9499334315818706,-0.5070342126768339,0.40584462783733355,-0.29674857857063647,2.125065368079839
102,Winnipeg,Canada,9,-0.5678131542568418,-0.06477359786447032,-1.3982691615720144,0.0915083159040378,0.4674789351052812,-0.8055018564648285,-0.48327244801610975,-0.5829195175318768,-3.2331302225661696,0.5069812689304266,-0.10910737400488535,-0.8193373833171205,0.4184663422366161,1.0858014205473567,-0.3435751964941976
51,Ottawa,Canada,9,0.5549198334942826,0.30849168799443244,0.6646825919063695,0.14057443703220654,0.6589042848676032,-0.5309769408846542,-0.09081403319338735,-1.1818460599167795,-2.0405081321455616,1.1498382398126092,0.5561064574248104,-0.6822286742555314,0.4530672489518906,1.0858014205473567,0.4690847264874874
35,Calgary,Canada,9,0.7903315889904862,0.6789714120185674,0.1159513174121189,0.7907005419804558,0.8011059732624705,-1.1486580009400464,-0.7744512719168395,-1.2406692024724395,-2.727169335721063,1.1498382398126092,0.8488328715145949,-0.7203144267726395,0.5103001952796724,1.0858014205473567,0.11365763929330029
65,Taipei,Taiwan,60,0.27242572689883804,-0.011847923003879835,1.6579556583959614,2.3240168272357615,-0.42948556092388307,2.368692479930938,-0.09081403319338735,0.10156795947944038,0.3628060803686938,-1.060414625129089,-0.33123844542969233,-0.44609700864946084,0.5253156830995084,1.1181207711760883,-0.14770331762168887
143,Shanghai,China,10,-1.5674076852868752,-0.17619607125518763,0.796655936404986,-0.3991528953776601,-1.003761610210848,4.513418382901051,1.5043395238280017,1.331506394734151,0.3146193292405877,-1.1001611582750304,-0.6125062871093033,0.7345613193808909,0.5731911515105801,-2.1066322137796454,-1.6929478817967556
16,Brisbane,Australia,1,1.279263696559524,0.9881687756778077,0.24097869641080863,0.8397666631086264,0.7135972419425523,-0.37655667587080616,0.719422694182556,-0.9679437233507429,1.1880041934374974,0.25122096868697746,0.9733565424297519,-0.9335946408684449,0.669594935629238,-0.39812637071375423,-0.6382760476853585
24,Edinburgh,UnitedKingdom,64,1.1235297660004968,0.3307761826725758,0.6299527644067334,1.2077625715698996,0.8229831560924504,-0.5138191336608932,-0.5212522946118572,-0.9893339570073464,0.3387127048046407,1.0478797417425856,0.17417799061214903,-0.7736344802965908,0.7442371431974101,0.3565442781554479,-0.18104321189786063
33,Atlanta,UnitedStates,65,0.8446573787203793,1.9046186193164578,-1.6552698850693215,-0.0679565777625154,1.1402023071271548,-1.4574985309677426,0.7827224385088016,-0.08559658501584169,0.6820433065923917,0.5259904804350072,1.4800541354704317,-0.27851969757418515,0.9028790362504611,-0.6105501368120033,0.5958953957879268
92,Brussels,Belgium,5,-0.3468882760219432,0.1469291015778924,-1.0718087830754355,0.7293678905702436,0.6424963977451179,-0.6682393986747414,0.2130247395725913,0.8020981117332104,0.3266660170226142,0.6262208683682507,0.1978614349458202,-0.40039410562893113,0.9881844163283717,-1.8928272788511082,1.2454279789183442
37,Sydney,Australia,1,0.7867098696751591,0.5229799492715633,0.42157379940891687,0.8765662539547533,1.014408505854772,0.6700695647786089,1.0485813646790332,-0.9625961649365918,1.1277707545273659,0.25122096868697746,1.3571947713107753,-0.9640632428821314,1.0197387023265785,-0.39812637071375423,-0.4424041688128498
58,Vancouver,Canada,9,0.4824854471877585,-0.045274665021095103,-0.14799537158511517,0.5331034060575651,0.7792287904324905,0.4813336853172388,0.2003647907073429,-1.1283704757752704,0.7723934649575892,1.0858981647517467,0.6691595824998979,-0.6898458247589528,1.0908990576466717,1.0858014205473567,-0.5531402462301339
52,Tokyo,Japan,30,0.5512981141789556,0.2694938223076816,1.1231163149015655,1.3917605258005363,-0.16149007125663284,0.49849149254099995,0.9346418248917914,-0.22463310378376558,0.41701617538781177,-0.8184792059798804,0.2216885604382395,-0.4994170621734123,1.1307227427340634,0.39991297942648185,-0.3837616762020831
59,Berlin,Germany,21,0.45351169266514846,0.5759056241321542,-0.3077525780834415,-0.01889045663434492,0.5385797793027152,0.018072890275694652,-0.17943367525013063,-0.42249276510734923,0.2965492975675484,0.08705050569287177,0.40741441826520663,-0.24805109556049865,1.1474791566779385,-0.7765666302125851,-0.4772324512263514
77,Montreal,Canada,9,0.0007967782493724821,0.07450449387392631,0.5396552129076788,-0.6322169707364672,0.4401324565678067,-0.050558338619349004,0.5801632566648164,-0.6898706858148951,-1.5646639647555214,0.5069812689304266,0.24537799148685865,-0.5984400187178933,1.2693439853606672,1.0858014205473567,-0.596303502212678
27,Munich,Germany,21,1.0257433444866897,0.333561744507344,1.3801170383988728,1.195496041287858,0.7081279462350569,0.807332022568696,-0.5465721923423553,-1.155108267846025,-0.14315480647641293,0.6262208683682507,0.6164585308140266,-0.38515980462208793,1.3805456415336559,-0.7765666302125851,-0.19324799462395878
80,Toronto,Canada,9,-0.07888104668780367,0.2193537092818585,-0.21745502658438734,0.8152336025445411,0.6260885106226334,0.3955446491984343,1.2131606999272724,-0.4920110244913114,-0.7876526028148224,1.1498382398126092,0.4474176475467009,-0.5527371156973636,1.4014367550221245,1.0858014205473567,-0.652862251431184
133,Beijing,China,10,-1.382700000205239,0.2889927551510568,0.9564131429033118,0.1283079067501648,-1.0858010458232716,3.3810031061328316,1.0739012624095319,1.67375013323981,-1.2514500824228363,-1.3420965774242388,-0.533649277816301,1.0697159415314426,1.5618195741992158,-2.1453049410277005,-1.182728428320342
32,Canberra,Australia,1,0.8555225366663572,0.11907348323021308,0.9564131429033118,0.3613719821089702,1.337096952596971,-0.23929421808071885,0.39026402368607965,-1.2032362935733831,0.26040923422146967,0.5985711061797697,1.3569732628577051,-0.9869146943923963,,,
45,Boston,UnitedStates,65,0.6671931322693949,0.7959650090788211,0.004815869413283327,0.6189691180318626,1.6926011735841398,-0.5996081697796977,1.1372010067357774,-0.8984254639667809,-0.4021585937899791,1.3900455488250378,1.6973479412173809,-0.6746115237521096,1.846243379714083,-0.6890005263723447,0.13151829694124959
75,Miami,UnitedStates,65,0.022527094141329522,0.14971466341266018,-0.8703757835775462,-0.4972851376340002,1.2113031513245882,-0.8398174709123503,0.9852816203527877,-0.41179764827904763,0.4411095509518648,1.3900455488250378,1.0840509018153888,-0.6365257712350014,0.005214003542862914,-0.29674857857063647,0.20504467092530632
103,Krakow (Cracow),Poland,45,-0.5931651894641258,-0.2597629262982256,1.0050349014028026,-1.1474112425822502,-0.6045030235637202,0.27543999863210816,-0.4452926014203623,1.2726832521784912,-0.2696450281876892,,,-0.6212914702281582,0.1218560538534748,-0.11719663063323475,0.18331420412030142
21,Tampa,UnitedStates,65,1.17785555573039,1.2806527683284408,-0.3563743365829317,0.017909134211782068,1.2659961083995372,-1.3717094948489381,0.13706504638109732,-0.7540413867847062,0.3808761120417331,1.562856562503044,1.7485822477410304,-0.5908228682144717,-0.044402390992247937,-0.29674857857063647,1.0212767254365824
62,San Francisco,UnitedStates,65,0.3484818325206882,1.7374849092303817,-1.4816207475711412,-0.3868863650956183,1.9496580718364005,-0.6167659770034587,1.8588180920549766,0.1817813356917041,1.1398174423093923,,,-0.5832057177110501,1.846243379714083,-0.45364935769131964,0.0749595477227441
70,Phoenix,UnitedStates,65,0.18188274401568286,1.3670051852062473,-0.9398354385768184,-0.05569004748047191,0.7464130161875214,-1.3545516876251773,-0.2680533173068748,0.5614579830964193,-1.480337150281337,1.0444235214690256,1.6071401203832658,-0.5527371156973636,,,
137,Panama City,Panama,44,-1.5022167376110036,-1.563405864969618,-0.48834768108154925,-1.086078591172038,-0.39666978667891356,0.10386192639449915,-0.2933732150373734,0.7914029949049085,-0.6370690055394931,-0.6836866153110357,-0.9620585994840237,-0.5222685136836771,-1.9074109594794604,0.9051445375457244,-1.363121070564628
148,Odessa (Odesa),Ukraine,62,-1.7666022476298167,-1.6525438436821922,-0.9676193005765271,-2.0428679531713487,-1.5124061110078741,0.5156492997647608,0.1877048418420936,0.8555736958747195,0.03754551025398219,-1.1312671407370716,-1.2395787576062844,-0.5070342126768339,,,
88,Chicago,UnitedStates,65,-0.2961842056073761,0.740253772383462,-1.794189195067866,-0.3010206531213208,1.3863206139644255,-1.3030782659538946,0.8460221828350472,0.20851912776245868,-0.7394658516867172,1.3900455488250378,1.4419247479676125,-0.4118198313840636,1.5740060570674876,-0.6890005263723447,0.6667426711247911
61,Prague,CzechRepublic,14,0.37021214841264527,-0.40739770354092636,1.0883864874019293,0.8642997236727116,-0.2982224639440054,1.0818569381488703,-0.4199727036898641,-0.700565802643197,0.13994235640120625,,,-0.29375399858102835,-0.06289973106016189,0.3449424599810313,0.3637068463645877
76,Timisoara,Romania,48,0.008040216880024485,-0.8057330459127406,1.0189268324026572,0.43497116380122597,-0.9217221745984245,-0.18782079640943602,-1.3694688685835479,0.5133299573690611,0.2182458269843773,-0.9705528980165259,-0.9721102938814541,-0.14902813901601747,,,
46,Brno,CzechRepublic,14,0.6237325004854798,-0.05920247419493477,1.0189268324026572,1.06056420818539,-0.6591959806386692,0.3955446491984343,-1.154249737874313,-0.3101940384101803,-0.010641240874123006,,,-0.14141098851259587,-0.06790489366677388,0.3449424599810313,0.9173872334510125
93,Limassol,Cyprus,13,-0.35050999533726923,-0.6525271450005043,0.20624886891117253,-2.006068362325222,0.11744400982560739,-0.08487395306687068,-1.8378869765977652,0.6897993850360411,1.0434439400531819,0.6262208683682507,-0.5383009553307758,-0.10332523599548774,,,
138,Tbilisi,Georgia,20,-1.5239470535029607,-1.786250811751053,1.0119808669027304,-1.5399402116076082,-1.0475159758708072,0.5328071069885216,0.6941027964520583,1.342201511562453,0.3507593925866672,-0.440023086025047,-1.1580875937362305,0.041400623569523155,-1.5320237639835554,1.517002329363178,-0.8290874068909491
85,Poznan,Poland,45,-0.23099325793150502,-0.2486206789591541,0.8244397984046953,-1.3068761362488017,-0.7412354162510928,-0.2736098325282405,-0.3313530616331204,0.6737567097935885,-0.0588279920022282,-0.9152533736395638,-0.8675223837426177,0.07948637608663128,,,
98,Durban,SouthAfrica,55,-0.44829641685107746,-0.22355062244624255,-2.8083001580572398,-1.1106116517361224,-1.2006562556806648,-1.062868964821242,-1.2175494822005586,0.34755564653038257,1.0374205961621683,-0.548894024642191,-0.7767637851333015,0.09472067709347448,,,
113,Brasilia,Brazil,7,-0.8358203835909813,-1.5856903596477618,-1.3357554720726694,-1.9447357109150094,-1.2662878041706036,1.1848037814914358,-0.5718920900728535,-0.8877303471384791,1.2422142884566163,-1.1001611582750304,-1.0791826907236455,0.14042358011400433,,,
127,Monterrey,Mexico,37,-1.1038276129251208,-1.120501533241517,-0.5578073360808214,0.16510749759629179,-0.36385401243394405,-0.4451879047658495,-0.4199727036898641,1.3154637194916985,0.12187232472816692,-0.272396402757381,-0.85377089950742,0.17850933263111246,,,
78,Tel Aviv-Yafo,Israel,28,-0.0028249410659535196,-0.01741904667341578,0.9703050739031664,0.7539009511343289,0.7792287904324905,2.2657456365883726,0.07376530205485173,-0.03746855928848352,0.935023750014945,1.205137764189571,0.45919950256405795,0.29276659018243684,-0.26811139793125627,0.8885705115822718,-1.7346227496419704
90,Pretoria,SouthAfrica,55,-0.30342764423802915,0.531336634775867,-2.8985977095562934,-0.16608882001885464,-1.069393158700787,-1.5261297598627863,1.2511405465230194,0.502634840540759,1.0494672839441948,-0.8011981046120797,-0.6086508426828917,0.42987529924402584,,,
116,Novi Sad,Serbia,51,-0.8937678926362004,-1.3600598510315591,0.06732955891262819,-2.1777997862738157,-0.8506213304009909,1.0303835164775874,-2.1417257493637445,0.3529032049445336,0.3387127048046407,-1.0725113960865493,-1.0785301387943305,0.4984296537748206,,,
100,Izmir,Turkey,61,-0.5352176804189066,-1.2653507486494495,0.5396552129076788,0.6680352391600314,-0.9271914703059194,-0.17066298918567518,0.6054831543953141,0.7325798523492483,1.11572406674534,-1.4164053133057817,-1.2513905461983807,0.5974526103193019,,,
149,Skopje,NorthMacedonia,40,-1.7774674055757953,-1.2932063669971288,-0.46056381908183996,-1.5890063327357777,-1.1076782286532512,0.49849149254099995,-0.9896704026260744,1.9571707291898084,-0.1250847748033736,,,0.833584275925372,-1.6897951939745879,2.301506224966593,-0.5710009038780842
64,Jeddah,SaudiArabia,50,0.2869126041601431,0.7430393342182301,0.9633591084032397,-0.8898141066593588,-0.5005864051213167,-1.234447037058851,-0.5845520389381028,1.0641284740266053,-0.7334425077957035,-0.9169814837763438,-0.4561153325267722,1.2220589515998748,,,
121,Islamabad,Pakistan,43,-0.9843108755193556,-1.7695374407424451,0.6230067989068055,-0.3378202439674478,-1.8241559663350837,1.8539582632181109,0.1750448929768443,-0.28345624633942573,-0.08894471145729406,-1.8346079664065564,-1.3111200012330213,1.8923681959009782,,,
17,Abu Dhabi,UnitedArabEmirates,63,1.2466682227215882,1.692915919874095,1.9705241058926861,0.42270463351918247,-0.041165565691744774,-0.8741330853598721,-0.2807132661721241,0.016007024853025638,-2.0766481954916407,-0.6543087429857747,0.6797800148173735,2.4484201826507563,,,
150,Kolkata,India,26,-1.8607669498282984,-0.8558731589385633,-0.4049960950824224,-0.9634132883516137,-1.8460331491650632,-0.46234571198961066,3.074173183118892,1.7004879253105645,-1.0526797340194018,-1.7205526973790723,-1.1193954550283143,2.6312317947328756,,,
69,Pune,India,26,0.236208533745576,1.5452811426313942,-0.05769782008606153,-0.2396880017111086,-1.6819542779402161,-0.8226596636885894,1.1372010067357774,1.320811277905849,-0.245551652623637,-1.431958304536802,-0.9676920982499451,2.6997861492636703,,,
128,Ahmedabad,India,26,-1.212479192384907,-1.0118646216855676,0.5604931094074612,-0.05569004748047191,-1.7530551221376502,-0.5138191336608932,0.4915436146080723,1.38498197887566,-1.7513876253769296,-1.6427877412239695,-1.1813998617431354,2.8749806108423677,,,
111,Kuwait City,Kuwait,32,-0.7887380324917412,0.6789714120185674,0.720250315905787,-1.2087438939924626,-0.6318495021011947,-0.2564520253044797,-0.07815408432813806,1.3101161610775471,-3.504180697661762,-0.9429031358280449,-0.28125536233014203,3.164432329972389,,,
68,Washington,UnitedStates,65,0.236208533745576,0.9157441679738416,-1.3843772305721602,0.300039330698758,1.512114415236808,-0.7025550131222631,0.7700624896435532,-0.24067577902621817,0.19415245142032428,1.0444235214690256,2.096176904327806,-0.5660671290783514,0.5797196244757261,-0.29674857857063647,-0.3209516968067963
79,Bangalore,India,26,-0.07525932737247767,1.985399912524728,-0.9884571970763086,-0.3132871834033643,-1.588976250912803,-0.7540284347935459,2.352556097799693,1.9411280539473557,0.6639732749193523,-1.5373730228803857,-0.8516815359906222,,-1.6218990751370677,-1.0467232534168605,-1.5709000545357699
147,Belo Horizonte,Brazil,7,-1.6362203522780734,-1.97845457835004,-1.4191070580717964,-0.3623533045315331,-1.3428579440755322,1.1504881670439142,1.0739012624095319,0.28873250397472244,1.2120975690015505,-1.3576495686552597,-1.254413837247042,,,,
120,Gurgaon,India,26,-0.9517154016814205,0.7876083235745169,-0.9328894730768911,-0.3132871834033643,-1.6108534337427824,-0.49666132643713234,0.03578545545910383,2.363585168665278,-1.1129131729295336,-1.2194007577128545,-0.9180861781921089,,,,
30,Muscat,Oman,42,0.9931478706487535,-0.045274665021095103,1.4426307278982171,-0.4236859559417453,-0.6591959806386692,-1.080026772045003,-1.9265066186545095,-0.6150048680167823,-0.6732090688855717,-1.1692855637462327,-0.2985210482397245,,,,
131,Amman,Jordan,31,-1.3428610877366502,-1.5160513137785634,0.1159513174121189,-0.3132871834033643,-0.6646652763461638,-0.5309769408846542,0.6561229498563104,1.6363172243407533,0.6398798993552993,-1.0915206075911301,-1.0547628804513896,,,,
99,Varna,Bulgaria,8,-0.5279742417882536,-1.039720240033247,0.33127624790986226,-0.4727520770699158,-0.88343710464596,-0.20497860363319717,-0.7871112207820888,0.7004945018643431,0.40496948760578527,-0.9653685676061856,-1.0010919809439673,,,,
47,Split,Croatia,12,0.5947587459628707,-0.8558731589385633,0.6160608334068788,0.47177075464735296,-0.4841785179988321,1.013225709253827,-2.116405851633246,-1.0695473332196102,1.0795840033992605,-0.52124426245371,-0.8754787279083025,,,,
95,Nizhny Novgorod,Russia,49,-0.38672718849053134,-1.3238475471795759,0.8313857639046222,0.8397666631086264,-1.348327239783027,0.8931210586875008,-1.0149903003565726,-0.7486938283705552,-1.98027469323543,-0.29831805480908197,-1.0210636620099751,,,,
